,Year,Team1,Team2,GameResult
0,1989,MBC,OB,20
1,1989,MBC,롯데,20
2,1989,MBC,빙그레,20
3,1989,MBC,삼성,20
4,1989,MBC,태평양,20
5,1989,MBC,해태,20
6,1989,OB,MBC,20
7,1989,OB,롯데,20
8,1989,OB,빙그레,20
9,1989,OB,삼성,20
10,1989,OB,태평양,20
11,1989,OB,해태,20
12,1989,롯데,MBC,20
13,1989,롯데,OB,20
14,1989,롯데,빙그레,20
15,1989,롯데,삼성,20
16,1989,롯데,태평양,20
17,1989,롯데,해태,20
18,1989,빙그레,MBC,20
19,1989,빙그레,OB,20
20,1989,빙그레,롯데,20
21,1989,빙그레,삼성,20
22,1989,빙그레,태평양,20
23,1989,빙그레,해태,20
24,1989,삼성,MBC,20
25,1989,삼성,OB,20
26,1989,삼성,롯데,20
27,1989,삼성,빙그레,20
28,1989,삼성,태평양,20
29,1989,삼성,해태,20
30,1989,태평양,MBC,20
31,1989,태평양,OB,20
32,1989,태평양,롯데,20
33,1989,태평양,빙그레,20
34,1989,태평양,삼성,20
35,1989,태평양,해태,20
36,1989,해태,MBC,20
37,1989,해태,OB,20
38,1989,해태,롯데,20
39,1989,해태,빙그레,20
40,1989,해태,삼성,20
41,1989,해태,태평양,20
42,1990,LG,OB,20
43,1990,LG,롯데,20
44,1990,LG,빙그레,20
45,1990,LG,삼성,20
46,1990,LG,태평양,20
47,1990,LG,해태,20
48,1990,OB,LG,20
49,1990,OB,롯데,20
50,1990,OB,빙그레,20
51,1990,OB,삼성,20
52,1990,OB,태평양,20
53,1990,OB,해태,20
54,1990,롯데,LG,20
55,1990,롯데,OB,20
56,1990,롯데,빙그레,20
57,1990,롯데,삼성,20
58,1990,롯데,태평양,20
59,1990,롯데,해태,20
60,1990,빙그레,LG,20
61,1990,빙그레,OB,20
62,1990,빙그레,롯데,20
63,1990,빙그레,삼성,20
64,1990,빙그레,태평양,20
65,1990,빙그레,해태,20
66,1990,삼성,LG,20
67,1990,삼성,OB,20
68,1990,삼성,롯데,20
69,1990,삼성,빙그레,20
70,1990,삼성,태평양,20
71,1990,삼성,해태,20
72,1990,태평양,LG,20
73,1990,태평양,OB,20
74,1990,태평양,롯데,20
75,1990,태평양,빙그레,20
76,1990,태평양,삼성,20
77,1990,태평양,해태,20
78,1990,해태,LG,20
79,1990,해태,OB,20
80,1990,해태,롯데,20
81,1990,해태,빙그레,20
82,1990,해태,삼성,20
83,1990,해태,태평양,20
84,1991,LG,OB,18
85,1991,LG,롯데,18
86,1991,LG,빙그레,18
87,1991,LG,삼성,18
88,1991,LG,쌍방울,18
89,1991,LG,태평양,18
90,1991,LG,해태,18
91,1991,OB,LG,18
92,1991,OB,롯데,18
93,1991,OB,빙그레,18
94,1991,OB,삼성,18
95,1991,OB,쌍방울,18
96,1991,OB,태평양,18
97,1991,OB,해태,18
98,1991,롯데,LG,18
99,1991,롯데,OB,18
100,1991,롯데,빙그레,18
101,1991,롯데,삼성,18
102,1991,롯데,쌍방울,18
103,1991,롯데,태평양,18
104,1991,롯데,해태,18
105,1991,빙그레,LG,18
106,1991,빙그레,OB,18
107,1991,빙그레,롯데,18
108,1991,빙그레,삼성,18
109,1991,빙그레,쌍방울,18
110,1991,빙그레,태평양,18
111,1991,빙그레,해태,18
112,1991,삼성,LG,18
113,1991,삼성,OB,18
114,1991,삼성,롯데,18
115,1991,삼성,빙그레,18
116,1991,삼성,쌍방울,18
117,1991,삼성,태평양,18
118,1991,삼성,해태,18
119,1991,쌍방울,LG,18
120,1991,쌍방울,OB,18
121,1991,쌍방울,롯데,18
122,1991,쌍방울,빙그레,18
123,1991,쌍방울,삼성,18
124,1991,쌍방울,태평양,18
125,1991,쌍방울,해태,18
126,1991,태평양,LG,18
127,1991,태평양,OB,18
128,1991,태평양,롯데,18
129,1991,태평양,빙그레,18
130,1991,태평양,삼성,18
131,1991,태평양,쌍방울,18
132,1991,태평양,해태,18
133,1991,해태,LG,18
134,1991,해태,OB,18
135,1991,해태,롯데,18
136,1991,해태,빙그레,18
137,1991,해태,삼성,18
138,1991,해태,쌍방울,18
139,1991,해태,태평양,18
140,1992,LG,OB,18
141,1992,LG,롯데,18
142,1992,LG,빙그레,18
143,1992,LG,삼성,18
144,1992,LG,쌍방울,18
145,1992,LG,태평양,18
146,1992,LG,해태,18
147,1992,OB,LG,18
148,1992,OB,롯데,18
149,1992,OB,빙그레,18
150,1992,OB,삼성,18
151,1992,OB,쌍방울,18
152,1992,OB,태평양,18
153,1992,OB,해태,18
154,1992,롯데,LG,18
155,1992,롯데,OB,18
156,1992,롯데,빙그레,18
157,1992,롯데,삼성,18
158,1992,롯데,쌍방울,18
159,1992,롯데,태평양,18
160,1992,롯데,해태,18
161,1992,빙그레,LG,18
162,1992,빙그레,OB,18
163,1992,빙그레,롯데,18
164,1992,빙그레,삼성,18
165,1992,빙그레,쌍방울,18
166,1992,빙그레,태평양,18
167,1992,빙그레,해태,18
168,1992,삼성,LG,18
169,1992,삼성,OB,18
170,1992,삼성,롯데,18
171,1992,삼성,빙그레,18
172,1992,삼성,쌍방울,18
173,1992,삼성,태평양,18
174,1992,삼성,해태,18
175,1992,쌍방울,LG,18
176,1992,쌍방울,OB,18
177,1992,쌍방울,롯데,18
178,1992,쌍방울,빙그레,18
179,1992,쌍방울,삼성,18
180,1992,쌍방울,태평양,18
181,1992,쌍방울,해태,18
182,1992,태평양,LG,18
183,1992,태평양,OB,18
184,1992,태평양,롯데,18
185,1992,태평양,빙그레,18
186,1992,태평양,삼성,18
187,1992,태평양,쌍방울,18
188,1992,태평양,해태,18
189,1992,해태,LG,18
190,1992,해태,OB,18
191,1992,해태,롯데,18
192,1992,해태,빙그레,18
193,1992,해태,삼성,18
194,1992,해태,쌍방울,18
195,1992,해태,태평양,18
196,1993,LG,OB,18
197,1993,LG,롯데,18
198,1993,LG,빙그레,18
199,1993,LG,삼성,18
200,1993,LG,쌍방울,18
201,1993,LG,태평양,18
202,1993,LG,해태,18
203,1993,OB,LG,18
204,1993,OB,롯데,18
205,1993,OB,빙그레,18
206,1993,OB,삼성,18
207,1993,OB,쌍방울,18
208,1993,OB,태평양,18
209,1993,OB,해태,18
210,1993,롯데,LG,18
211,1993,롯데,OB,18
212,1993,롯데,빙그레,18
213,1993,롯데,삼성,18
214,1993,롯데,쌍방울,18
215,1993,롯데,태평양,18
216,1993,롯데,해태,18
217,1993,빙그레,LG,18
218,1993,빙그레,OB,18
219,1993,빙그레,롯데,18
220,1993,빙그레,삼성,18
221,1993,빙그레,쌍방울,18
222,1993,빙그레,태평양,18
223,1993,빙그레,해태,18
224,1993,삼성,LG,18
225,1993,삼성,OB,18
226,1993,삼성,롯데,18
227,1993,삼성,빙그레,18
228,1993,삼성,쌍방울,18
229,1993,삼성,태평양,18
230,1993,삼성,해태,18
231,1993,쌍방울,LG,18
232,1993,쌍방울,OB,18
233,1993,쌍방울,롯데,18
234,1993,쌍방울,빙그레,18
235,1993,쌍방울,삼성,18
236,1993,쌍방울,태평양,18
237,1993,쌍방울,해태,18
238,1993,태평양,LG,18
239,1993,태평양,OB,18
240,1993,태평양,롯데,18
241,1993,태평양,빙그레,18
242,1993,태평양,삼성,18
243,1993,태평양,쌍방울,18
244,1993,태평양,해태,18
245,1993,해태,LG,18
246,1993,해태,OB,18
247,1993,해태,롯데,18
248,1993,해태,빙그레,18
249,1993,해태,삼성,18
250,1993,해태,쌍방울,18
251,1993,해태,태평양,18
252,1994,LG,OB,18
253,1994,LG,롯데,18
254,1994,LG,삼성,18
255,1994,LG,쌍방울,18
256,1994,LG,태평양,18
257,1994,LG,한화,18
258,1994,LG,해태,18
259,1994,OB,LG,18
260,1994,OB,롯데,18
261,1994,OB,삼성,18
262,1994,OB,쌍방울,18
263,1994,OB,태평양,18
264,1994,OB,한화,18
265,1994,OB,해태,18
266,1994,롯데,LG,18
267,1994,롯데,OB,18
268,1994,롯데,삼성,18
269,1994,롯데,쌍방울,18
270,1994,롯데,태평양,18
271,1994,롯데,한화,18
272,1994,롯데,해태,18
273,1994,삼성,LG,18
274,1994,삼성,OB,18
275,1994,삼성,롯데,18
276,1994,삼성,쌍방울,18
277,1994,삼성,태평양,18
278,1994,삼성,한화,18
279,1994,삼성,해태,18
280,1994,쌍방울,LG,18
281,1994,쌍방울,OB,18
282,1994,쌍방울,롯데,18
283,1994,쌍방울,삼성,18
284,1994,쌍방울,태평양,18
285,1994,쌍방울,한화,18
286,1994,쌍방울,해태,18
287,1994,태평양,LG,18
288,1994,태평양,OB,18
289,1994,태평양,롯데,18
290,1994,태평양,삼성,18
291,1994,태평양,쌍방울,18
292,1994,태평양,한화,18
293,1994,태평양,해태,18
294,1994,한화,LG,18
295,1994,한화,OB,18
296,1994,한화,롯데,18
297,1994,한화,삼성,18
298,1994,한화,쌍방울,18
299,1994,한화,태평양,18
300,1994,한화,해태,18
301,1994,해태,LG,18
302,1994,해태,OB,18
303,1994,해태,롯데,18
304,1994,해태,삼성,18
305,1994,해태,쌍방울,18
306,1994,해태,태평양,18
307,1994,해태,한화,18
308,1995,LG,OB,18
309,1995,LG,롯데,18
310,1995,LG,삼성,18
311,1995,LG,쌍방울,18
312,1995,LG,태평양,18
313,1995,LG,한화,18
314,1995,LG,해태,18
315,1995,OB,LG,18
316,1995,OB,롯데,18
317,1995,OB,삼성,18
318,1995,OB,쌍방울,18
319,1995,OB,태평양,18
320,1995,OB,한화,18
321,1995,OB,해태,18
322,1995,롯데,LG,18
323,1995,롯데,OB,18
324,1995,롯데,삼성,18
325,1995,롯데,쌍방울,18
326,1995,롯데,태평양,18
327,1995,롯데,한화,18
328,1995,롯데,해태,18
329,1995,삼성,LG,18
330,1995,삼성,OB,18
331,1995,삼성,롯데,18
332,1995,삼성,쌍방울,18
333,1995,삼성,태평양,18
334,1995,삼성,한화,18
335,1995,삼성,해태,18
336,1995,쌍방울,LG,18
337,1995,쌍방울,OB,18
338,1995,쌍방울,롯데,18
339,1995,쌍방울,삼성,18
340,1995,쌍방울,태평양,18
341,1995,쌍방울,한화,18
342,1995,쌍방울,해태,18
343,1995,태평양,LG,18
344,1995,태평양,OB,18
345,1995,태평양,롯데,18
346,1995,태평양,삼성,18
347,1995,태평양,쌍방울,18
348,1995,태평양,한화,18
349,1995,태평양,해태,18
350,1995,한화,LG,18
351,1995,한화,OB,18
352,1995,한화,롯데,18
353,1995,한화,삼성,18
354,1995,한화,쌍방울,18
355,1995,한화,태평양,18
356,1995,한화,해태,18
357,1995,해태,LG,18
358,1995,해태,OB,18
359,1995,해태,롯데,18
360,1995,해태,삼성,18
361,1995,해태,쌍방울,18
362,1995,해태,태평양,18
363,1995,해태,한화,18
364,1996,LG,OB,18
365,1996,LG,롯데,18
366,1996,LG,삼성,18
367,1996,LG,쌍방울,18
368,1996,LG,한화,18
369,1996,LG,해태,18
370,1996,LG,현대,18
371,1996,OB,LG,18
372,1996,OB,롯데,18
373,1996,OB,삼성,18
374,1996,OB,쌍방울,18
375,1996,OB,한화,18
376,1996,OB,해태,18
377,1996,OB,현대,18
378,1996,롯데,LG,18
379,1996,롯데,OB,18
380,1996,롯데,삼성,18
381,1996,롯데,쌍방울,18
382,1996,롯데,한화,18
383,1996,롯데,해태,18
384,1996,롯데,현대,18
385,1996,삼성,LG,18
386,1996,삼성,OB,18
387,1996,삼성,롯데,18
388,1996,삼성,쌍방울,18
389,1996,삼성,한화,18
390,1996,삼성,해태,18
391,1996,삼성,현대,18
392,1996,쌍방울,LG,18
393,1996,쌍방울,OB,18
394,1996,쌍방울,롯데,18
395,1996,쌍방울,삼성,18
396,1996,쌍방울,한화,18
397,1996,쌍방울,해태,18
398,1996,쌍방울,현대,18
399,1996,한화,LG,18
400,1996,한화,OB,18
401,1996,한화,롯데,18
402,1996,한화,삼성,18
403,1996,한화,쌍방울,18
404,1996,한화,해태,18
405,1996,한화,현대,18
406,1996,해태,LG,18
407,1996,해태,OB,18
408,1996,해태,롯데,18
409,1996,해태,삼성,18
410,1996,해태,쌍방울,18
411,1996,해태,한화,18
412,1996,해태,현대,18
413,1996,현대,LG,18
414,1996,현대,OB,18
415,1996,현대,롯데,18
416,1996,현대,삼성,18
417,1996,현대,쌍방울,18
418,1996,현대,한화,18
419,1996,현대,해태,18
420,1997,LG,OB,18
421,1997,LG,롯데,18
422,1997,LG,삼성,18
423,1997,LG,쌍방울,18
424,1997,LG,한화,18
425,1997,LG,해태,18
426,1997,LG,현대,18
427,1997,OB,LG,18
428,1997,OB,롯데,18
429,1997,OB,삼성,18
430,1997,OB,쌍방울,18
431,1997,OB,한화,18
432,1997,OB,해태,18
433,1997,OB,현대,18
434,1997,롯데,LG,18
435,1997,롯데,OB,18
436,1997,롯데,삼성,18
437,1997,롯데,쌍방울,18
438,1997,롯데,한화,18
439,1997,롯데,해태,18
440,1997,롯데,현대,18
441,1997,삼성,LG,18
442,1997,삼성,OB,18
443,1997,삼성,롯데,18
444,1997,삼성,쌍방울,18
445,1997,삼성,한화,18
446,1997,삼성,해태,18
447,1997,삼성,현대,18
448,1997,쌍방울,LG,18
449,1997,쌍방울,OB,18
450,1997,쌍방울,롯데,18
451,1997,쌍방울,삼성,18
452,1997,쌍방울,한화,18
453,1997,쌍방울,해태,18
454,1997,쌍방울,현대,18
455,1997,한화,LG,18
456,1997,한화,OB,18
457,1997,한화,롯데,18
458,1997,한화,삼성,18
459,1997,한화,쌍방울,18
460,1997,한화,해태,18
461,1997,한화,현대,18
462,1997,해태,LG,18
463,1997,해태,OB,18
464,1997,해태,롯데,18
465,1997,해태,삼성,18
466,1997,해태,쌍방울,18
467,1997,해태,한화,18
468,1997,해태,현대,18
469,1997,현대,LG,18
470,1997,현대,OB,18
471,1997,현대,롯데,18
472,1997,현대,삼성,18
473,1997,현대,쌍방울,18
474,1997,현대,한화,18
475,1997,현대,해태,18
476,1998,LG,OB,18
477,1998,LG,롯데,18
478,1998,LG,삼성,18
479,1998,LG,쌍방울,18
480,1998,LG,한화,18
481,1998,LG,해태,18
482,1998,LG,현대,18
483,1998,OB,LG,18
484,1998,OB,롯데,18
485,1998,OB,삼성,18
486,1998,OB,쌍방울,18
487,1998,OB,한화,18
488,1998,OB,해태,18
489,1998,OB,현대,18
490,1998,롯데,LG,18
491,1998,롯데,OB,18
492,1998,롯데,삼성,18
493,1998,롯데,쌍방울,18
494,1998,롯데,한화,18
495,1998,롯데,해태,18
496,1998,롯데,현대,18
497,1998,삼성,LG,18
498,1998,삼성,OB,18
499,1998,삼성,롯데,18
500,1998,삼성,쌍방울,18
501,1998,삼성,한화,18
502,1998,삼성,해태,18
503,1998,삼성,현대,18
504,1998,쌍방울,LG,18
505,1998,쌍방울,OB,18
506,1998,쌍방울,롯데,18
507,1998,쌍방울,삼성,18
508,1998,쌍방울,한화,18
509,1998,쌍방울,해태,18
510,1998,쌍방울,현대,18
511,1998,한화,LG,18
512,1998,한화,OB,18
513,1998,한화,롯데,18
514,1998,한화,삼성,18
515,1998,한화,쌍방울,18
516,1998,한화,해태,18
517,1998,한화,현대,18
518,1998,해태,LG,18
519,1998,해태,OB,18
520,1998,해태,롯데,18
521,1998,해태,삼성,18
522,1998,해태,쌍방울,18
523,1998,해태,한화,18
524,1998,해태,현대,18
525,1998,현대,LG,18
526,1998,현대,OB,18
527,1998,현대,롯데,18
528,1998,현대,삼성,18
529,1998,현대,쌍방울,18
530,1998,현대,한화,18
531,1998,현대,해태,18
532,1999,LG,두산,18
533,1999,LG,롯데,18
534,1999,LG,삼성,20
535,1999,LG,쌍방울,20
536,1999,LG,한화,20
537,1999,LG,해태,18
538,1999,LG,현대,18
539,1999,두산,LG,18
540,1999,두산,롯데,20
541,1999,두산,삼성,18
542,1999,두산,쌍방울,18
543,1999,두산,한화,18
544,1999,두산,해태,20
545,1999,두산,현대,20
546,1999,롯데,LG,18
547,1999,롯데,두산,20
548,1999,롯데,삼성,18
549,1999,롯데,쌍방울,18
550,1999,롯데,한화,18
551,1999,롯데,해태,20
552,1999,롯데,현대,20
553,1999,삼성,LG,20
554,1999,삼성,두산,18
555,1999,삼성,롯데,18
556,1999,삼성,쌍방울,20
557,1999,삼성,한화,20
558,1999,삼성,해태,18
559,1999,삼성,현대,18
560,1999,쌍방울,LG,20
561,1999,쌍방울,두산,18
562,1999,쌍방울,롯데,18
563,1999,쌍방울,삼성,20
564,1999,쌍방울,한화,20
565,1999,쌍방울,해태,18
566,1999,쌍방울,현대,18
567,1999,한화,LG,20
568,1999,한화,두산,18
569,1999,한화,롯데,18
570,1999,한화,삼성,20
571,1999,한화,쌍방울,20
572,1999,한화,해태,18
573,1999,한화,현대,18
574,1999,해태,LG,18
575,1999,해태,두산,20
576,1999,해태,롯데,20
577,1999,해태,삼성,18
578,1999,해태,쌍방울,18
579,1999,해태,한화,18
580,1999,해태,현대,20
581,1999,현대,LG,18
582,1999,현대,두산,20
583,1999,현대,롯데,20
584,1999,현대,삼성,18
585,1999,현대,쌍방울,18
586,1999,현대,한화,18
587,1999,현대,해태,20
588,2000,LG,SK,19
589,2000,LG,두산,19
590,2000,LG,롯데,19
591,2000,LG,삼성,19
592,2000,LG,한화,19
593,2000,LG,해태,19
594,2000,LG,현대,19
595,2000,SK,LG,19
596,2000,SK,두산,19
597,2000,SK,롯데,19
598,2000,SK,삼성,19
599,2000,SK,한화,19
600,2000,SK,해태,19
601,2000,SK,현대,19
602,2000,두산,LG,19
603,2000,두산,SK,19
604,2000,두산,롯데,19
605,2000,두산,삼성,19
606,2000,두산,한화,19
607,2000,두산,해태,19
608,2000,두산,현대,19
609,2000,롯데,LG,19
610,2000,롯데,SK,19
611,2000,롯데,두산,19
612,2000,롯데,삼성,19
613,2000,롯데,한화,19
614,2000,롯데,해태,19
615,2000,롯데,현대,19
616,2000,삼성,LG,19
617,2000,삼성,SK,19
618,2000,삼성,두산,19
619,2000,삼성,롯데,19
620,2000,삼성,한화,19
621,2000,삼성,해태,19
622,2000,삼성,현대,19
623,2000,한화,LG,19
624,2000,한화,SK,19
625,2000,한화,두산,19
626,2000,한화,롯데,19
627,2000,한화,삼성,19
628,2000,한화,해태,19
629,2000,한화,현대,19
630,2000,해태,LG,19
631,2000,해태,SK,19
632,2000,해태,두산,19
633,2000,해태,롯데,19
634,2000,해태,삼성,19
635,2000,해태,한화,19
636,2000,해태,현대,19
637,2000,현대,LG,19
638,2000,현대,SK,19
639,2000,현대,두산,19
640,2000,현대,롯데,19
641,2000,현대,삼성,19
642,2000,현대,한화,19
643,2000,현대,해태,19
644,2001,KIA,LG,19
645,2001,KIA,SK,19
646,2001,KIA,두산,19
647,2001,KIA,롯데,19
648,2001,KIA,삼성,19
649,2001,KIA,한화,19
650,2001,KIA,현대,19
651,2001,LG,KIA,19
652,2001,LG,SK,19
653,2001,LG,두산,19
654,2001,LG,롯데,19
655,2001,LG,삼성,19
656,2001,LG,한화,19
657,2001,LG,현대,19
658,2001,SK,KIA,19
659,2001,SK,LG,19
660,2001,SK,두산,19
661,2001,SK,롯데,19
662,2001,SK,삼성,19
663,2001,SK,한화,19
664,2001,SK,현대,19
665,2001,두산,KIA,19
666,2001,두산,LG,19
667,2001,두산,SK,19
668,2001,두산,롯데,19
669,2001,두산,삼성,19
670,2001,두산,한화,19
671,2001,두산,현대,19
672,2001,롯데,KIA,19
673,2001,롯데,LG,19
674,2001,롯데,SK,19
675,2001,롯데,두산,19
676,2001,롯데,삼성,19
677,2001,롯데,한화,19
678,2001,롯데,현대,19
679,2001,삼성,KIA,19
680,2001,삼성,LG,19
681,2001,삼성,SK,19
682,2001,삼성,두산,19
683,2001,삼성,롯데,19
684,2001,삼성,한화,19
685,2001,삼성,현대,19
686,2001,한화,KIA,19
687,2001,한화,LG,19
688,2001,한화,SK,19
689,2001,한화,두산,19
690,2001,한화,롯데,19
691,2001,한화,삼성,19
692,2001,한화,현대,19
693,2001,현대,KIA,19
694,2001,현대,LG,19
695,2001,현대,SK,19
696,2001,현대,두산,19
697,2001,현대,롯데,19
698,2001,현대,삼성,19
699,2001,현대,한화,19
700,2002,KIA,LG,19
701,2002,KIA,SK,19
702,2002,KIA,두산,19
703,2002,KIA,롯데,19
704,2002,KIA,삼성,19
705,2002,KIA,한화,19
706,2002,KIA,현대,19
707,2002,LG,KIA,19
708,2002,LG,SK,19
709,2002,LG,두산,19
710,2002,LG,롯데,19
711,2002,LG,삼성,19
712,2002,LG,한화,19
713,2002,LG,현대,19
714,2002,SK,KIA,19
715,2002,SK,LG,19
716,2002,SK,두산,19
717,2002,SK,롯데,19
718,2002,SK,삼성,19
719,2002,SK,한화,19
720,2002,SK,현대,19
721,2002,두산,KIA,19
722,2002,두산,LG,19
723,2002,두산,SK,19
724,2002,두산,롯데,19
725,2002,두산,삼성,19
726,2002,두산,한화,19
727,2002,두산,현대,19
728,2002,롯데,KIA,19
729,2002,롯데,LG,19
730,2002,롯데,SK,19
731,2002,롯데,두산,19
732,2002,롯데,삼성,19
733,2002,롯데,한화,19
734,2002,롯데,현대,19
735,2002,삼성,KIA,19
736,2002,삼성,LG,19
737,2002,삼성,SK,19
738,2002,삼성,두산,19
739,2002,삼성,롯데,19
740,2002,삼성,한화,19
741,2002,삼성,현대,19
742,2002,한화,KIA,19
743,2002,한화,LG,19
744,2002,한화,SK,19
745,2002,한화,두산,19
746,2002,한화,롯데,19
747,2002,한화,삼성,19
748,2002,한화,현대,19
749,2002,현대,KIA,19
750,2002,현대,LG,19
751,2002,현대,SK,19
752,2002,현대,두산,19
753,2002,현대,롯데,19
754,2002,현대,삼성,19
755,2002,현대,한화,19
756,2003,KIA,LG,19
757,2003,KIA,SK,19
758,2003,KIA,두산,19
759,2003,KIA,롯데,19
760,2003,KIA,삼성,19
761,2003,KIA,한화,19
762,2003,KIA,현대,19
763,2003,LG,KIA,19
764,2003,LG,SK,19
765,2003,LG,두산,19
766,2003,LG,롯데,19
767,2003,LG,삼성,19
768,2003,LG,한화,19
769,2003,LG,현대,19
770,2003,SK,KIA,19
771,2003,SK,LG,19
772,2003,SK,두산,19
773,2003,SK,롯데,19
774,2003,SK,삼성,19
775,2003,SK,한화,19
776,2003,SK,현대,19
777,2003,두산,KIA,19
778,2003,두산,LG,19
779,2003,두산,SK,19
780,2003,두산,롯데,19
781,2003,두산,삼성,19
782,2003,두산,한화,19
783,2003,두산,현대,19
784,2003,롯데,KIA,19
785,2003,롯데,LG,19
786,2003,롯데,SK,19
787,2003,롯데,두산,19
788,2003,롯데,삼성,19
789,2003,롯데,한화,19
790,2003,롯데,현대,19
791,2003,삼성,KIA,19
792,2003,삼성,LG,19
793,2003,삼성,SK,19
794,2003,삼성,두산,19
795,2003,삼성,롯데,19
796,2003,삼성,한화,19
797,2003,삼성,현대,19
798,2003,한화,KIA,19
799,2003,한화,LG,19
800,2003,한화,SK,19
801,2003,한화,두산,19
802,2003,한화,롯데,19
803,2003,한화,삼성,19
804,2003,한화,현대,19
805,2003,현대,KIA,19
806,2003,현대,LG,19
807,2003,현대,SK,19
808,2003,현대,두산,19
809,2003,현대,롯데,19
810,2003,현대,삼성,19
811,2003,현대,한화,19
812,2004,KIA,LG,19
813,2004,KIA,SK,19
814,2004,KIA,두산,19
815,2004,KIA,롯데,19
816,2004,KIA,삼성,19
817,2004,KIA,한화,19
818,2004,KIA,현대,19
819,2004,LG,KIA,19
820,2004,LG,SK,19
821,2004,LG,두산,19
822,2004,LG,롯데,19
823,2004,LG,삼성,19
824,2004,LG,한화,19
825,2004,LG,현대,19
826,2004,SK,KIA,19
827,2004,SK,LG,19
828,2004,SK,두산,19
829,2004,SK,롯데,19
830,2004,SK,삼성,19
831,2004,SK,한화,19
832,2004,SK,현대,19
833,2004,두산,KIA,19
834,2004,두산,LG,19
835,2004,두산,SK,19
836,2004,두산,롯데,19
837,2004,두산,삼성,19
838,2004,두산,한화,19
839,2004,두산,현대,19
840,2004,롯데,KIA,19
841,2004,롯데,LG,19
842,2004,롯데,SK,19
843,2004,롯데,두산,19
844,2004,롯데,삼성,19
845,2004,롯데,한화,19
846,2004,롯데,현대,19
847,2004,삼성,KIA,19
848,2004,삼성,LG,19
849,2004,삼성,SK,19
850,2004,삼성,두산,19
851,2004,삼성,롯데,19
852,2004,삼성,한화,19
853,2004,삼성,현대,19
854,2004,한화,KIA,19
855,2004,한화,LG,19
856,2004,한화,SK,19
857,2004,한화,두산,19
858,2004,한화,롯데,19
859,2004,한화,삼성,19
860,2004,한화,현대,19
861,2004,현대,KIA,19
862,2004,현대,LG,19
863,2004,현대,SK,19
864,2004,현대,두산,19
865,2004,현대,롯데,19
866,2004,현대,삼성,19
867,2004,현대,한화,19
868,2005,KIA,LG,18
869,2005,KIA,SK,18
870,2005,KIA,두산,18
871,2005,KIA,롯데,18
872,2005,KIA,삼성,18
873,2005,KIA,한화,18
874,2005,KIA,현대,18
875,2005,LG,KIA,18
876,2005,LG,SK,18
877,2005,LG,두산,18
878,2005,LG,롯데,18
879,2005,LG,삼성,18
880,2005,LG,한화,18
881,2005,LG,현대,18
882,2005,SK,KIA,18
883,2005,SK,LG,18
884,2005,SK,두산,18
885,2005,SK,롯데,18
886,2005,SK,삼성,18
887,2005,SK,한화,18
888,2005,SK,현대,18
889,2005,두산,KIA,18
890,2005,두산,LG,18
891,2005,두산,SK,18
892,2005,두산,롯데,18
893,2005,두산,삼성,18
894,2005,두산,한화,18
895,2005,두산,현대,18
896,2005,롯데,KIA,18
897,2005,롯데,LG,18
898,2005,롯데,SK,18
899,2005,롯데,두산,18
900,2005,롯데,삼성,18
901,2005,롯데,한화,18
902,2005,롯데,현대,18
903,2005,삼성,KIA,18
904,2005,삼성,LG,18
905,2005,삼성,SK,18
906,2005,삼성,두산,18
907,2005,삼성,롯데,18
908,2005,삼성,한화,18
909,2005,삼성,현대,18
910,2005,한화,KIA,18
911,2005,한화,LG,18
912,2005,한화,SK,18
913,2005,한화,두산,18
914,2005,한화,롯데,18
915,2005,한화,삼성,18
916,2005,한화,현대,18
917,2005,현대,KIA,18
918,2005,현대,LG,18
919,2005,현대,SK,18
920,2005,현대,두산,18
921,2005,현대,롯데,18
922,2005,현대,삼성,18
923,2005,현대,한화,18
924,2006,KIA,LG,18
925,2006,KIA,SK,18
926,2006,KIA,두산,18
927,2006,KIA,롯데,18
928,2006,KIA,삼성,18
929,2006,KIA,한화,18
930,2006,KIA,현대,18
931,2006,LG,KIA,18
932,2006,LG,SK,18
933,2006,LG,두산,18
934,2006,LG,롯데,18
935,2006,LG,삼성,18
936,2006,LG,한화,18
937,2006,LG,현대,18
938,2006,SK,KIA,18
939,2006,SK,LG,18
940,2006,SK,두산,18
941,2006,SK,롯데,18
942,2006,SK,삼성,18
943,2006,SK,한화,18
944,2006,SK,현대,18
945,2006,두산,KIA,18
946,2006,두산,LG,18
947,2006,두산,SK,18
948,2006,두산,롯데,18
949,2006,두산,삼성,18
950,2006,두산,한화,18
951,2006,두산,현대,18
952,2006,롯데,KIA,18
953,2006,롯데,LG,18
954,2006,롯데,SK,18
955,2006,롯데,두산,18
956,2006,롯데,삼성,18
957,2006,롯데,한화,18
958,2006,롯데,현대,18
959,2006,삼성,KIA,18
960,2006,삼성,LG,18
961,2006,삼성,SK,18
962,2006,삼성,두산,18
963,2006,삼성,롯데,18
964,2006,삼성,한화,18
965,2006,삼성,현대,18
966,2006,한화,KIA,18
967,2006,한화,LG,18
968,2006,한화,SK,18
969,2006,한화,두산,18
970,2006,한화,롯데,18
971,2006,한화,삼성,18
972,2006,한화,현대,18
973,2006,현대,KIA,18
974,2006,현대,LG,18
975,2006,현대,SK,18
976,2006,현대,두산,18
977,2006,현대,롯데,18
978,2006,현대,삼성,18
979,2006,현대,한화,18
980,2007,KIA,LG,18
981,2007,KIA,SK,18
982,2007,KIA,두산,18
983,2007,KIA,롯데,18
984,2007,KIA,삼성,18
985,2007,KIA,한화,18
986,2007,KIA,현대,18
987,2007,LG,KIA,18
988,2007,LG,SK,18
989,2007,LG,두산,18
990,2007,LG,롯데,18
991,2007,LG,삼성,18
992,2007,LG,한화,18
993,2007,LG,현대,18
994,2007,SK,KIA,18
995,2007,SK,LG,18
996,2007,SK,두산,18
997,2007,SK,롯데,18
998,2007,SK,삼성,18
999,2007,SK,한화,18
1000,2007,SK,현대,18
1001,2007,두산,KIA,18
1002,2007,두산,LG,18
1003,2007,두산,SK,18
1004,2007,두산,롯데,18
1005,2007,두산,삼성,18
1006,2007,두산,한화,18
1007,2007,두산,현대,18
1008,2007,롯데,KIA,18
1009,2007,롯데,LG,18
1010,2007,롯데,SK,18
1011,2007,롯데,두산,18
1012,2007,롯데,삼성,18
1013,2007,롯데,한화,18
1014,2007,롯데,현대,18
1015,2007,삼성,KIA,18
1016,2007,삼성,LG,18
1017,2007,삼성,SK,18
1018,2007,삼성,두산,18
1019,2007,삼성,롯데,18
1020,2007,삼성,한화,18
1021,2007,삼성,현대,18
1022,2007,한화,KIA,18
1023,2007,한화,LG,18
1024,2007,한화,SK,18
1025,2007,한화,두산,18
1026,2007,한화,롯데,18
1027,2007,한화,삼성,18
1028,2007,한화,현대,18
1029,2007,현대,KIA,18
1030,2007,현대,LG,18
1031,2007,현대,SK,18
1032,2007,현대,두산,18
1033,2007,현대,롯데,18
1034,2007,현대,삼성,18
1035,2007,현대,한화,18
1036,2008,KIA,LG,18
1037,2008,KIA,SK,18
1038,2008,KIA,두산,18
1039,2008,KIA,롯데,18
1040,2008,KIA,삼성,18
1041,2008,KIA,한화,18
1042,2008,KIA,히어로즈,18
1043,2008,LG,KIA,18
1044,2008,LG,SK,18
1045,2008,LG,두산,18
1046,2008,LG,롯데,18
1047,2008,LG,삼성,18
1048,2008,LG,한화,18
1049,2008,LG,히어로즈,18
1050,2008,SK,KIA,18
1051,2008,SK,LG,18
1052,2008,SK,두산,18
1053,2008,SK,롯데,18
1054,2008,SK,삼성,18
1055,2008,SK,한화,18
1056,2008,SK,히어로즈,18
1057,2008,두산,KIA,18
1058,2008,두산,LG,18
1059,2008,두산,SK,18
1060,2008,두산,롯데,18
1061,2008,두산,삼성,18
1062,2008,두산,한화,18
1063,2008,두산,히어로즈,18
1064,2008,롯데,KIA,18
1065,2008,롯데,LG,18
1066,2008,롯데,SK,18
1067,2008,롯데,두산,18
1068,2008,롯데,삼성,18
1069,2008,롯데,한화,18
1070,2008,롯데,히어로즈,18
1071,2008,삼성,KIA,18
1072,2008,삼성,LG,18
1073,2008,삼성,SK,18
1074,2008,삼성,두산,18
1075,2008,삼성,롯데,18
1076,2008,삼성,한화,18
1077,2008,삼성,히어로즈,18
1078,2008,한화,KIA,18
1079,2008,한화,LG,18
1080,2008,한화,SK,18
1081,2008,한화,두산,18
1082,2008,한화,롯데,18
1083,2008,한화,삼성,18
1084,2008,한화,히어로즈,18
1085,2008,히어로즈,KIA,18
1086,2008,히어로즈,LG,18
1087,2008,히어로즈,SK,18
1088,2008,히어로즈,두산,18
1089,2008,히어로즈,롯데,18
1090,2008,히어로즈,삼성,18
1091,2008,히어로즈,한화,18
1092,2009,KIA,LG,19
1093,2009,KIA,SK,19
1094,2009,KIA,두산,19
1095,2009,KIA,롯데,19
1096,2009,KIA,삼성,19
1097,2009,KIA,한화,19
1098,2009,KIA,히어로즈,19
1099,2009,LG,KIA,19
1100,2009,LG,SK,19
1101,2009,LG,두산,19
1102,2009,LG,롯데,19
1103,2009,LG,삼성,19
1104,2009,LG,한화,19
1105,2009,LG,히어로즈,19
1106,2009,SK,KIA,19
1107,2009,SK,LG,19
1108,2009,SK,두산,19
1109,2009,SK,롯데,19
1110,2009,SK,삼성,19
1111,2009,SK,한화,19
1112,2009,SK,히어로즈,19
1113,2009,두산,KIA,19
1114,2009,두산,LG,19
1115,2009,두산,SK,19
1116,2009,두산,롯데,19
1117,2009,두산,삼성,19
1118,2009,두산,한화,19
1119,2009,두산,히어로즈,19
1120,2009,롯데,KIA,19
1121,2009,롯데,LG,19
1122,2009,롯데,SK,19
1123,2009,롯데,두산,19
1124,2009,롯데,삼성,19
1125,2009,롯데,한화,19
1126,2009,롯데,히어로즈,19
1127,2009,삼성,KIA,19
1128,2009,삼성,LG,19
1129,2009,삼성,SK,19
1130,2009,삼성,두산,19
1131,2009,삼성,롯데,19
1132,2009,삼성,한화,19
1133,2009,삼성,히어로즈,19
1134,2009,한화,KIA,19
1135,2009,한화,LG,19
1136,2009,한화,SK,19
1137,2009,한화,두산,19
1138,2009,한화,롯데,19
1139,2009,한화,삼성,19
1140,2009,한화,히어로즈,19
1141,2009,히어로즈,KIA,19
1142,2009,히어로즈,LG,19
1143,2009,히어로즈,SK,19
1144,2009,히어로즈,두산,19
1145,2009,히어로즈,롯데,19
1146,2009,히어로즈,삼성,19
1147,2009,히어로즈,한화,19
1148,2010,KIA,LG,19
1149,2010,KIA,SK,19
1150,2010,KIA,넥센,19
1151,2010,KIA,두산,19
1152,2010,KIA,롯데,19
1153,2010,KIA,삼성,19
1154,2010,KIA,한화,19
1155,2010,LG,KIA,19
1156,2010,LG,SK,19
1157,2010,LG,넥센,19
1158,2010,LG,두산,19
1159,2010,LG,롯데,19
1160,2010,LG,삼성,19
1161,2010,LG,한화,19
1162,2010,SK,KIA,19
1163,2010,SK,LG,19
1164,2010,SK,넥센,19
1165,2010,SK,두산,19
1166,2010,SK,롯데,19
1167,2010,SK,삼성,19
1168,2010,SK,한화,19
1169,2010,넥센,KIA,19
1170,2010,넥센,LG,19
1171,2010,넥센,SK,19
1172,2010,넥센,두산,19
1173,2010,넥센,롯데,19
1174,2010,넥센,삼성,19
1175,2010,넥센,한화,19
1176,2010,두산,KIA,19
1177,2010,두산,LG,19
1178,2010,두산,SK,19
1179,2010,두산,넥센,19
1180,2010,두산,롯데,19
1181,2010,두산,삼성,19
1182,2010,두산,한화,19
1183,2010,롯데,KIA,19
1184,2010,롯데,LG,19
1185,2010,롯데,SK,19
1186,2010,롯데,넥센,19
1187,2010,롯데,두산,19
1188,2010,롯데,삼성,19
1189,2010,롯데,한화,19
1190,2010,삼성,KIA,19
1191,2010,삼성,LG,19
1192,2010,삼성,SK,19
1193,2010,삼성,넥센,19
1194,2010,삼성,두산,19
1195,2010,삼성,롯데,19
1196,2010,삼성,한화,19
1197,2010,한화,KIA,19
1198,2010,한화,LG,19
1199,2010,한화,SK,19
1200,2010,한화,넥센,19
1201,2010,한화,두산,19
1202,2010,한화,롯데,19
1203,2010,한화,삼성,19
1204,2011,KIA,LG,19
1205,2011,KIA,SK,19
1206,2011,KIA,넥센,19
1207,2011,KIA,두산,19
1208,2011,KIA,롯데,19
1209,2011,KIA,삼성,19
1210,2011,KIA,한화,19
1211,2011,LG,KIA,19
1212,2011,LG,SK,19
1213,2011,LG,넥센,19
1214,2011,LG,두산,19
1215,2011,LG,롯데,19
1216,2011,LG,삼성,19
1217,2011,LG,한화,19
1218,2011,SK,KIA,19
1219,2011,SK,LG,19
1220,2011,SK,넥센,19
1221,2011,SK,두산,19
1222,2011,SK,롯데,19
1223,2011,SK,삼성,19
1224,2011,SK,한화,19
1225,2011,넥센,KIA,19
1226,2011,넥센,LG,19
1227,2011,넥센,SK,19
1228,2011,넥센,두산,19
1229,2011,넥센,롯데,19
1230,2011,넥센,삼성,19
1231,2011,넥센,한화,19
1232,2011,두산,KIA,19
1233,2011,두산,LG,19
1234,2011,두산,SK,19
1235,2011,두산,넥센,19
1236,2011,두산,롯데,19
1237,2011,두산,삼성,19
1238,2011,두산,한화,19
1239,2011,롯데,KIA,19
1240,2011,롯데,LG,19
1241,2011,롯데,SK,19
1242,2011,롯데,넥센,19
1243,2011,롯데,두산,19
1244,2011,롯데,삼성,19
1245,2011,롯데,한화,19
1246,2011,삼성,KIA,19
1247,2011,삼성,LG,19
1248,2011,삼성,SK,19
1249,2011,삼성,넥센,19
1250,2011,삼성,두산,19
1251,2011,삼성,롯데,19
1252,2011,삼성,한화,19
1253,2011,한화,KIA,19
1254,2011,한화,LG,19
1255,2011,한화,SK,19
1256,2011,한화,넥센,19
1257,2011,한화,두산,19
1258,2011,한화,롯데,19
1259,2011,한화,삼성,19
1260,2012,KIA,LG,19
1261,2012,KIA,SK,19
1262,2012,KIA,넥센,19
1263,2012,KIA,두산,19
1264,2012,KIA,롯데,19
1265,2012,KIA,삼성,19
1266,2012,KIA,한화,19
1267,2012,LG,KIA,19
1268,2012,LG,SK,19
1269,2012,LG,넥센,19
1270,2012,LG,두산,19
1271,2012,LG,롯데,19
1272,2012,LG,삼성,19
1273,2012,LG,한화,19
1274,2012,SK,KIA,19
1275,2012,SK,LG,19
1276,2012,SK,넥센,19
1277,2012,SK,두산,19
1278,2012,SK,롯데,19
1279,2012,SK,삼성,19
1280,2012,SK,한화,19
1281,2012,넥센,KIA,19
1282,2012,넥센,LG,19
1283,2012,넥센,SK,19
1284,2012,넥센,두산,19
1285,2012,넥센,롯데,19
1286,2012,넥센,삼성,19
1287,2012,넥센,한화,19
1288,2012,두산,KIA,19
1289,2012,두산,LG,19
1290,2012,두산,SK,19
1291,2012,두산,넥센,19
1292,2012,두산,롯데,19
1293,2012,두산,삼성,19
1294,2012,두산,한화,19
1295,2012,롯데,KIA,19
1296,2012,롯데,LG,19
1297,2012,롯데,SK,19
1298,2012,롯데,넥센,19
1299,2012,롯데,두산,19
1300,2012,롯데,삼성,19
1301,2012,롯데,한화,19
1302,2012,삼성,KIA,19
1303,2012,삼성,LG,19
1304,2012,삼성,SK,19
1305,2012,삼성,넥센,19
1306,2012,삼성,두산,19
1307,2012,삼성,롯데,19
1308,2012,삼성,한화,19
1309,2012,한화,KIA,19
1310,2012,한화,LG,19
1311,2012,한화,SK,19
1312,2012,한화,넥센,19
1313,2012,한화,두산,19
1314,2012,한화,롯데,19
1315,2012,한화,삼성,19
1316,2013,KIA,LG,16
1317,2013,KIA,NC,16
1318,2013,KIA,SK,16
1319,2013,KIA,넥센,16
1320,2013,KIA,두산,16
1321,2013,KIA,롯데,16
1322,2013,KIA,삼성,16
1323,2013,KIA,한화,16
1324,2013,LG,KIA,16
1325,2013,LG,NC,16
1326,2013,LG,SK,16
1327,2013,LG,넥센,16
1328,2013,LG,두산,16
1329,2013,LG,롯데,16
1330,2013,LG,삼성,16
1331,2013,LG,한화,16
1332,2013,NC,KIA,16
1333,2013,NC,LG,16
1334,2013,NC,SK,16
1335,2013,NC,넥센,16
1336,2013,NC,두산,16
1337,2013,NC,롯데,16
1338,2013,NC,삼성,16
1339,2013,NC,한화,16
1340,2013,SK,KIA,16
1341,2013,SK,LG,16
1342,2013,SK,NC,16
1343,2013,SK,넥센,16
1344,2013,SK,두산,16
1345,2013,SK,롯데,16
1346,2013,SK,삼성,16
1347,2013,SK,한화,16
1348,2013,넥센,KIA,16
1349,2013,넥센,LG,16
1350,2013,넥센,NC,16
1351,2013,넥센,SK,16
1352,2013,넥센,두산,16
1353,2013,넥센,롯데,16
1354,2013,넥센,삼성,16
1355,2013,넥센,한화,16
1356,2013,두산,KIA,16
1357,2013,두산,LG,16
1358,2013,두산,NC,16
1359,2013,두산,SK,16
1360,2013,두산,넥센,16
1361,2013,두산,롯데,16
1362,2013,두산,삼성,16
1363,2013,두산,한화,16
1364,2013,롯데,KIA,16
1365,2013,롯데,LG,16
1366,2013,롯데,NC,16
1367,2013,롯데,SK,16
1368,2013,롯데,넥센,16
1369,2013,롯데,두산,16
1370,2013,롯데,삼성,16
1371,2013,롯데,한화,16
1372,2013,삼성,KIA,16
1373,2013,삼성,LG,16
1374,2013,삼성,NC,16
1375,2013,삼성,SK,16
1376,2013,삼성,넥센,16
1377,2013,삼성,두산,16
1378,2013,삼성,롯데,16
1379,2013,삼성,한화,16
1380,2013,한화,KIA,16
1381,2013,한화,LG,16
1382,2013,한화,NC,16
1383,2013,한화,SK,16
1384,2013,한화,넥센,16
1385,2013,한화,두산,16
1386,2013,한화,롯데,16
1387,2013,한화,삼성,16
1388,2014,KIA,LG,16
1389,2014,KIA,NC,16
1390,2014,KIA,SK,16
1391,2014,KIA,넥센,16
1392,2014,KIA,두산,16
1393,2014,KIA,롯데,16
1394,2014,KIA,삼성,16
1395,2014,KIA,한화,16
1396,2014,LG,KIA,16
1397,2014,LG,NC,16
1398,2014,LG,SK,16
1399,2014,LG,넥센,16
1400,2014,LG,두산,16
1401,2014,LG,롯데,16
1402,2014,LG,삼성,16
1403,2014,LG,한화,16
1404,2014,NC,KIA,16
1405,2014,NC,LG,16
1406,2014,NC,SK,16
1407,2014,NC,넥센,16
1408,2014,NC,두산,16
1409,2014,NC,롯데,16
1410,2014,NC,삼성,16
1411,2014,NC,한화,16
1412,2014,SK,KIA,16
1413,2014,SK,LG,16
1414,2014,SK,NC,16
1415,2014,SK,넥센,16
1416,2014,SK,두산,16
1417,2014,SK,롯데,16
1418,2014,SK,삼성,16
1419,2014,SK,한화,16
1420,2014,넥센,KIA,16
1421,2014,넥센,LG,16
1422,2014,넥센,NC,16
1423,2014,넥센,SK,16
1424,2014,넥센,두산,16
1425,2014,넥센,롯데,16
1426,2014,넥센,삼성,16
1427,2014,넥센,한화,16
1428,2014,두산,KIA,16
1429,2014,두산,LG,16
1430,2014,두산,NC,16
1431,2014,두산,SK,16
1432,2014,두산,넥센,16
1433,2014,두산,롯데,16
1434,2014,두산,삼성,16
1435,2014,두산,한화,16
1436,2014,롯데,KIA,16
1437,2014,롯데,LG,16
1438,2014,롯데,NC,16
1439,2014,롯데,SK,16
1440,2014,롯데,넥센,16
1441,2014,롯데,두산,16
1442,2014,롯데,삼성,16
1443,2014,롯데,한화,16
1444,2014,삼성,KIA,16
1445,2014,삼성,LG,16
1446,2014,삼성,NC,16
1447,2014,삼성,SK,16
1448,2014,삼성,넥센,16
1449,2014,삼성,두산,16
1450,2014,삼성,롯데,16
1451,2014,삼성,한화,16
1452,2014,한화,KIA,16
1453,2014,한화,LG,16
1454,2014,한화,NC,16
1455,2014,한화,SK,16
1456,2014,한화,넥센,16
1457,2014,한화,두산,16
1458,2014,한화,롯데,16
1459,2014,한화,삼성,16
1460,2015,KIA,LG,16
1461,2015,KIA,NC,16
1462,2015,KIA,SK,16
1463,2015,KIA,kt,16
1464,2015,KIA,넥센,16
1465,2015,KIA,두산,16
1466,2015,KIA,롯데,16
1467,2015,KIA,삼성,16
1468,2015,KIA,한화,16
1469,2015,LG,KIA,16
1470,2015,LG,NC,16
1471,2015,LG,SK,16
1472,2015,LG,kt,16
1473,2015,LG,넥센,16
1474,2015,LG,두산,16
1475,2015,LG,롯데,16
1476,2015,LG,삼성,16
1477,2015,LG,한화,16
1478,2015,NC,KIA,16
1479,2015,NC,LG,16
1480,2015,NC,SK,16
1481,2015,NC,kt,16
1482,2015,NC,넥센,16
1483,2015,NC,두산,16
1484,2015,NC,롯데,16
1485,2015,NC,삼성,16
1486,2015,NC,한화,16
1487,2015,SK,KIA,16
1488,2015,SK,LG,16
1489,2015,SK,NC,16
1490,2015,SK,kt,16
1491,2015,SK,넥센,16
1492,2015,SK,두산,16
1493,2015,SK,롯데,16
1494,2015,SK,삼성,16
1495,2015,SK,한화,16
1496,2015,kt,KIA,16
1497,2015,kt,LG,16
1498,2015,kt,NC,16
1499,2015,kt,SK,16
1500,2015,kt,넥센,16
1501,2015,kt,두산,16
1502,2015,kt,롯데,16
1503,2015,kt,삼성,16
1504,2015,kt,한화,16
1505,2015,넥센,KIA,16
1506,2015,넥센,LG,16
1507,2015,넥센,NC,16
1508,2015,넥센,SK,16
1509,2015,넥센,kt,16
1510,2015,넥센,두산,16
1511,2015,넥센,롯데,16
1512,2015,넥센,삼성,16
1513,2015,넥센,한화,16
1514,2015,두산,KIA,16
1515,2015,두산,LG,16
1516,2015,두산,NC,16
1517,2015,두산,SK,16
1518,2015,두산,kt,16
1519,2015,두산,넥센,16
1520,2015,두산,롯데,16
1521,2015,두산,삼성,16
1522,2015,두산,한화,16
1523,2015,롯데,KIA,16
1524,2015,롯데,LG,16
1525,2015,롯데,NC,16
1526,2015,롯데,SK,16
1527,2015,롯데,kt,16
1528,2015,롯데,넥센,16
1529,2015,롯데,두산,16
1530,2015,롯데,삼성,16
1531,2015,롯데,한화,16
1532,2015,삼성,KIA,16
1533,2015,삼성,LG,16
1534,2015,삼성,NC,16
1535,2015,삼성,SK,16
1536,2015,삼성,kt,16
1537,2015,삼성,넥센,16
1538,2015,삼성,두산,16
1539,2015,삼성,롯데,16
1540,2015,삼성,한화,16
1541,2015,한화,KIA,16
1542,2015,한화,LG,16
1543,2015,한화,NC,16
1544,2015,한화,SK,16
1545,2015,한화,kt,16
1546,2015,한화,넥센,16
1547,2015,한화,두산,16
1548,2015,한화,롯데,16
1549,2015,한화,삼성,16
1550,2016,KIA,LG,16
1551,2016,KIA,NC,16
1552,2016,KIA,SK,16
1553,2016,KIA,kt,16
1554,2016,KIA,넥센,16
1555,2016,KIA,두산,16
1556,2016,KIA,롯데,16
1557,2016,KIA,삼성,16
1558,2016,KIA,한화,16
1559,2016,LG,KIA,16
1560,2016,LG,NC,16
1561,2016,LG,SK,16
1562,2016,LG,kt,16
1563,2016,LG,넥센,16
1564,2016,LG,두산,16
1565,2016,LG,롯데,16
1566,2016,LG,삼성,16
1567,2016,LG,한화,16
1568,2016,NC,KIA,16
1569,2016,NC,LG,16
1570,2016,NC,SK,16
1571,2016,NC,kt,16
1572,2016,NC,넥센,16
1573,2016,NC,두산,16
1574,2016,NC,롯데,16
1575,2016,NC,삼성,16
1576,2016,NC,한화,16
1577,2016,SK,KIA,16
1578,2016,SK,LG,16
1579,2016,SK,NC,16
1580,2016,SK,kt,16
1581,2016,SK,넥센,16
1582,2016,SK,두산,16
1583,2016,SK,롯데,16
1584,2016,SK,삼성,16
1585,2016,SK,한화,16
1586,2016,kt,KIA,16
1587,2016,kt,LG,16
1588,2016,kt,NC,16
1589,2016,kt,SK,16
1590,2016,kt,넥센,16
1591,2016,kt,두산,16
1592,2016,kt,롯데,16
1593,2016,kt,삼성,16
1594,2016,kt,한화,16
1595,2016,넥센,KIA,16
1596,2016,넥센,LG,16
1597,2016,넥센,NC,16
1598,2016,넥센,SK,16
1599,2016,넥센,kt,16
1600,2016,넥센,두산,16
1601,2016,넥센,롯데,16
1602,2016,넥센,삼성,16
1603,2016,넥센,한화,16
1604,2016,두산,KIA,16
1605,2016,두산,LG,16
1606,2016,두산,NC,16
1607,2016,두산,SK,16
1608,2016,두산,kt,16
1609,2016,두산,넥센,16
1610,2016,두산,롯데,16
1611,2016,두산,삼성,16
1612,2016,두산,한화,16
1613,2016,롯데,KIA,16
1614,2016,롯데,LG,16
1615,2016,롯데,NC,16
1616,2016,롯데,SK,16
1617,2016,롯데,kt,16
1618,2016,롯데,넥센,16
1619,2016,롯데,두산,16
1620,2016,롯데,삼성,16
1621,2016,롯데,한화,16
1622,2016,삼성,KIA,16
1623,2016,삼성,LG,16
1624,2016,삼성,NC,16
1625,2016,삼성,SK,16
1626,2016,삼성,kt,16
1627,2016,삼성,넥센,16
1628,2016,삼성,두산,16
1629,2016,삼성,롯데,16
1630,2016,삼성,한화,16
1631,2016,한화,KIA,16
1632,2016,한화,LG,16
1633,2016,한화,NC,16
1634,2016,한화,SK,16
1635,2016,한화,kt,16
1636,2016,한화,넥센,16
1637,2016,한화,두산,16
1638,2016,한화,롯데,16
1639,2016,한화,삼성,16
